{"Reward": 98.03936767578125, "_timestamp": 1715467982.952939, "_runtime": 1504.7131650447845, "_step": 6059, "Loss_baseline": 16.478435516357422, "Policy Loss": -0.9738523960113525, "Running Reward": 98.03936767578125, "Baseline Loss": 16.478435516357422, "Avg_total_reward": 500.0, "Avg_length": 500.0, "Average Total Reward": 500.0, "Average Length": 500.0, "_wandb": {"runtime": 1502}}