{"Reward": 98.34907531738281, "_timestamp": 1715503282.3925676, "_runtime": 1382.2291095256805, "_step": 6059, "Loss_baseline": 96.87409973144531, "Policy Loss": -2.0675668716430664, "Running Reward": 98.34907531738281, "Baseline Loss": 96.87409973144531, "Avg_total_reward": 500.0, "Avg_length": 500.0, "Average Total Reward": 500.0, "Average Length": 500.0, "_wandb": {"runtime": 1380}}