{"Reward": 98.34526062011719, "_timestamp": 1715501892.2473836, "_runtime": 1367.5557475090027, "_step": 6059, "Loss_baseline": 267.0119934082031, "Policy Loss": -0.40022146701812744, "Running Reward": 98.34526062011719, "Baseline Loss": 267.0119934082031, "Avg_total_reward": 500.0, "Avg_length": 500.0, "Average Total Reward": 500.0, "Average Length": 500.0, "_wandb": {"runtime": 1365}}