{"Policy Loss": 0.0044927881099283695, "Running Reward": 98.30753234623965, "_timestamp": 1715443005.7534657, "_runtime": 1118.01016163826, "_step": 1999, "_wandb": {"runtime": 1116}}