{"Policy Loss": 0.009651833213865757, "Running Reward": 98.295166857191, "_timestamp": 1715457871.8726377, "_runtime": 2092.332644701004, "_step": 2020, "Average Total Reward": 500.0, "Average Length": 500.0, "Total average test reward": 500.0, "_wandb": {"runtime": 2090}}