{"Policy Loss": -0.012908187694847584, "Running Reward": 11.49999999999996, "_timestamp": 1715447328.312377, "_runtime": 1051.6124670505524, "_step": 2019, "Average Total Reward": 500.0, "Average Length": 500.0, "_wandb": {"runtime": 1049}}