{"Policy Loss": 3.3750579357147217, "Running Reward": 25.62010222057951, "_timestamp": 1715460537.8727944, "_runtime": 1647.4521203041077, "_step": 2019, "Average Total Reward": 296.0, "Average Length": 296.0, "_wandb": {"runtime": 1645}}