{"Policy Loss": 0.002528887242078781, "Running Reward": 11.499999998436172, "_timestamp": 1715448268.619463, "_runtime": 933.2642509937286, "_step": 2019, "Average Total Reward": 466.1, "Average Length": 466.1, "_wandb": {"runtime": 931}}