{"Reward": 98.34935760498047, "_timestamp": 1715506003.8462524, "_runtime": 1335.481974363327, "_step": 6059, "Loss_baseline": 646.850341796875, "Policy Loss": 3.7403218746185303, "Running Reward": 98.34935760498047, "Baseline Loss": 646.850341796875, "Avg_total_reward": 500.0, "Avg_length": 500.0, "Average Total Reward": 500.0, "Average Length": 500.0, "_wandb": {"runtime": 1333}}