{"Policy Loss": 12.144173622131348, "Running Reward": 84.69918605793407, "_timestamp": 1715458882.798029, "_runtime": 1003.604691028595, "_step": 2019, "Average Total Reward": 303.7, "Average Length": 303.7, "_wandb": {"runtime": 1001}}