{"Policy Loss": -0.003323625074699521, "Running Reward": 97.8848145573337, "_timestamp": 1715441880.0463312, "_runtime": 873.18048620224, "_step": 1999, "_wandb": {"runtime": 871}}