{"Policy Loss": 7.006838321685791, "Running Reward": 89.56594107746145, "_timestamp": 1715462932.699625, "_runtime": 1612.9170980453491, "_step": 2019, "Average Total Reward": 496.0, "Average Length": 496.0, "_wandb": {"runtime": 1611}}