{"Policy Loss": -0.010502130724489689, "Running Reward": 11.49995632168791, "_timestamp": 1715449388.2752688, "_runtime": 1111.9909498691559, "_step": 2019, "Average Total Reward": 500.0, "Average Length": 500.0, "_wandb": {"runtime": 1110}}