{"Reward": 98.34935760498047, "_timestamp": 1715470943.6589901, "_runtime": 1495.3091192245483, "_step": 6059, "Loss_baseline": 205.3814239501953, "Policy Loss": 2.279791831970215, "Running Reward": 98.34935760498047, "Baseline Loss": 205.3814239501953, "Avg_total_reward": 500.0, "Avg_length": 500.0, "Average Total Reward": 500.0, "Average Length": 500.0, "_wandb": {"runtime": 1493}}