{"Policy Loss": -0.008557792752981186, "Running Reward": 98.33905399519038, "_timestamp": 1715433467.462531, "_runtime": 1159.4460091590881, "_step": 1999, "_wandb": {"runtime": 1157}}