{"Reward": 97.75267028808594, "_timestamp": 1715512163.0125916, "_runtime": 1441.8067035675049, "_step": 6059, "Loss_baseline": 399.5228271484375, "Policy Loss": -1.0055335760116577, "Running Reward": 97.75267028808594, "Baseline Loss": 399.5228271484375, "Avg_total_reward": 500.0, "Avg_length": 500.0, "Average Total Reward": 500.0, "Average Length": 500.0, "_wandb": {"runtime": 1440}}