{"Reward": 98.34935760498047, "_timestamp": 1715513603.924292, "_runtime": 1434.9139001369476, "_step": 6059, "Loss_baseline": 201.73638916015625, "Policy Loss": 1.4659546613693237, "Running Reward": 98.34935760498047, "Baseline Loss": 201.73638916015625, "Avg_total_reward": 500.0, "Avg_length": 500.0, "Average Total Reward": 500.0, "Average Length": 500.0, "_wandb": {"runtime": 1433}}