{"Policy Loss": -0.002098553581163287, "Running Reward": 11.49985145503394, "_timestamp": 1715451399.6540604, "_runtime": 2005.0946242809296, "_step": 2020, "Average Total Reward": 325.8, "Average Length": 325.8, "Total average test reward": 500.0, "_wandb": {"runtime": 2002}}