{"Reward": 93.21488952636719, "_timestamp": 1715514897.2729363, "_runtime": 1285.5230934619904, "_step": 6059, "Loss_baseline": 101.52433776855469, "Policy Loss": -0.6480634212493896, "Running Reward": 93.21488952636719, "Baseline Loss": 101.52433776855469, "Avg_total_reward": 473.6, "Avg_length": 473.6, "Average Total Reward": 473.6, "Average Length": 473.6, "_wandb": {"runtime": 1283}}