{"Reward": 98.3007583618164, "_timestamp": 1715517194.3278897, "_runtime": 2289.3922016620636, "_step": 6060, "Loss_baseline": 92.30948638916016, "Policy Loss": -0.8137853741645813, "Running Reward": 98.3007583618164, "Baseline Loss": 92.30948638916016, "Avg_total_reward": 425.2, "Avg_length": 425.2, "Average Total Reward": 425.2, "Average Length": 425.2, "Total average test reward": 440.66999999999996, "_wandb": {"runtime": 2287}}