{"Reward": 98.30106353759766, "_timestamp": 1715504660.6515124, "_runtime": 1371.8628644943237, "_step": 6059, "Loss_baseline": 96.83516693115234, "Policy Loss": -1.5788421630859375, "Running Reward": 98.30106353759766, "Baseline Loss": 96.83516693115234, "Avg_total_reward": 500.0, "Avg_length": 500.0, "Average Total Reward": 500.0, "Average Length": 500.0, "_wandb": {"runtime": 1369}}