{"Policy Loss": -0.008557792752981186, "Running Reward": 98.33905399519038, "_timestamp": 1715445174.1279795, "_runtime": 2161.1024334430695, "_step": 2000, "Total average test reward": 500.0, "_wandb": {"runtime": 2159}}