{"Policy Loss": 0.015344423241913319, "Running Reward": 98.34952538994064, "_timestamp": 1715454659.5276043, "_runtime": 1136.7820012569427, "_step": 2019, "Average Total Reward": 500.0, "Average Length": 500.0, "_wandb": {"runtime": 1134}}