{"Policy Loss": 0.004405719693750143, "Running Reward": 94.96179061987007, "_timestamp": 1715455772.8812215, "_runtime": 1105.9289605617523, "_step": 2019, "Average Total Reward": 234.3, "Average Length": 234.3, "_wandb": {"runtime": 1104}}