{"Reward": 98.33543395996094, "_timestamp": 1715500518.1936295, "_runtime": 29566.757192611694, "_step": 6060, "Loss_baseline": 133.73800659179688, "Policy Loss": -0.544765830039978, "Running Reward": 98.33543395996094, "Baseline Loss": 133.73800659179688, "Avg_total_reward": 500.0, "Avg_length": 500.0, "Average Total Reward": 500.0, "Average Length": 500.0, "Total average test reward": 500.0, "_wandb": {"runtime": 2520}}