{"Policy Loss": -0.015362475998699665, "Running Reward": 97.15939705481975, "_timestamp": 1715440999.1152146, "_runtime": 1037.8753085136414, "_step": 1999, "_wandb": {"runtime": 1035}}