{"Policy Loss": -0.008994951844215393, "Running Reward": 98.34103133538825, "_timestamp": 1715429180.1542737, "_runtime": 1120.9150867462158, "_step": 1999, "_wandb": {"runtime": 1118}}