{"Policy Loss": -0.008994951844215393, "Running Reward": 98.34103133538825, "_timestamp": 1715439954.6083179, "_runtime": 1099.1866779327393, "_step": 1999, "_wandb": {"runtime": 1097}}