{"Policy Loss": -0.03327785059809685, "Running Reward": 82.70511604452692, "_timestamp": 1715427651.0732508, "_runtime": 46.812830686569214, "_step": 300, "_wandb": {"runtime": 50}}