{"Reward": 98.34935760498047, "_timestamp": 1715469440.7063699, "_runtime": 1449.356461763382, "_step": 6059, "Loss_baseline": 536.8519287109375, "Policy Loss": 0.6667810678482056, "Running Reward": 98.34935760498047, "Baseline Loss": 536.8519287109375, "Avg_total_reward": 500.0, "Avg_length": 500.0, "Average Total Reward": 500.0, "Average Length": 500.0, "_wandb": {"runtime": 1447}}