{"Reward": 98.26530456542969, "_timestamp": 1715509211.0025043, "_runtime": 3198.4162442684174, "_step": 6060, "Loss_baseline": 40.104705810546875, "Policy Loss": 0.8820065259933472, "Running Reward": 98.26530456542969, "Baseline Loss": 40.104705810546875, "Avg_total_reward": 333.8, "Avg_length": 333.8, "Average Total Reward": 333.8, "Average Length": 333.8, "Total average test reward": 500.0, "_wandb": {"runtime": 2321}}