{"Policy Loss": -0.003323625074699521, "Running Reward": 97.8848145573337, "_timestamp": 1715431148.2488978, "_runtime": 894.658472776413, "_step": 1999, "_wandb": {"runtime": 892}}