{"Reward": 87.66064453125, "_timestamp": 1715510714.3992102, "_runtime": 1496.4371402263641, "_step": 6059, "Loss_baseline": 24.947500228881836, "Policy Loss": 0.7448398470878601, "Running Reward": 87.66064453125, "Baseline Loss": 24.947500228881836, "Avg_total_reward": 500.0, "Avg_length": 500.0, "Average Total Reward": 500.0, "Average Length": 500.0, "_wandb": {"runtime": 1494}}