{"Policy Loss": 6.498410224914551, "Running Reward": 97.95764513746019, "_timestamp": 1715465008.3675354, "_runtime": 2068.141381263733, "_step": 2020, "Average Total Reward": 255.4, "Average Length": 255.4, "Total average test reward": 371.64, "_wandb": {"runtime": 2066}}