{"Policy Loss": 5.746493339538574, "Running Reward": 95.64626349486403, "_timestamp": 1715461312.7835383, "_runtime": 767.644246339798, "_step": 2019, "Average Total Reward": 153.0, "Average Length": 153.0, "_wandb": {"runtime": 765}}