{"Policy Loss": -0.015362475998699665, "Running Reward": 97.15939705481975, "_timestamp": 1715430246.146837, "_runtime": 1059.5637879371643, "_step": 1999, "_wandb": {"runtime": 1057}}