{"Policy Loss": 0.0007907400140538812, "Running Reward": 98.3492751090439, "_timestamp": 1715452643.7893813, "_runtime": 1236.605660200119, "_step": 2019, "Average Total Reward": 500.0, "Average Length": 500.0, "_wandb": {"runtime": 1234}}