{"Policy Loss": -0.016773967072367668, "Running Reward": 11.499999999999858, "_timestamp": 1715446270.5259678, "_runtime": 1089.1731667518616, "_step": 2019, "Average Total Reward": 500.0, "Average Length": 500.0, "_wandb": {"runtime": 1087}}