{"Reward": 98.23179626464844, "_timestamp": 1715466471.069604, "_runtime": 1455.1498119831085, "_step": 6059, "Loss_baseline": 331.57318115234375, "Policy Loss": 0.2932776212692261, "Running Reward": 98.23179626464844, "Baseline Loss": 331.57318115234375, "Avg_total_reward": 317.2, "Avg_length": 317.2, "Average Total Reward": 317.2, "Average Length": 317.2, "_wandb": {"runtime": 1453}}