{"Policy Loss": -0.02959165908396244, "Running Reward": 97.61093248105686, "_timestamp": 1715453515.049823, "_runtime": 862.8080589771271, "_step": 2019, "Average Total Reward": 500.0, "Average Length": 500.0, "_wandb": {"runtime": 861}}