{"Policy Loss": 0.0044927881099283695, "Running Reward": 98.30753234623965, "_timestamp": 1715432299.8948045, "_runtime": 1145.3232383728027, "_step": 1999, "_wandb": {"runtime": 1143}}